OBJECTID,id,X,Y
5278,2,114.1400014,30.39149014
5279,2,114.1400005,30.39149063
5280,2,114.1399997,30.39149113
5281,2,114.1399988,30.39149163
5282,2,114.1399979,30.39149212
5283,2,114.1399971,30.39149262
5284,2,114.1399962,30.39149312
5285,2,114.1399953,30.39149361
5286,2,114.1399945,30.39149411
5287,2,114.1399936,30.39149461
5288,2,114.1399927,30.3914951
5289,2,114.1399919,30.3914956
5290,2,114.139991,30.3914961
5291,2,114.1399901,30.39149659
5292,2,114.1399893,30.39149709
5293,2,114.1399884,30.39149759
5294,2,114.1399875,30.39149808
5295,2,114.1399866,30.39149858
5296,2,114.1399858,30.39149908
5297,2,114.1399849,30.39149957
5298,2,114.139984,30.39150007
5299,2,114.1399832,30.39150057
5300,2,114.1399823,30.39150106
5301,2,114.1399814,30.39150156
5302,2,114.1399806,30.39150206
5303,2,114.1399797,30.39150255
5304,2,114.1399788,30.39150305
5305,2,114.139978,30.39150355
5306,2,114.1399771,30.39150404
5307,2,114.1399762,30.39150454
5308,2,114.1399754,30.39150504
5309,2,114.1399745,30.39150553
5310,2,114.1399736,30.39150603
5311,2,114.1399728,30.39150653
5312,2,114.1399719,30.39150702
5313,2,114.139971,30.39150752
5314,2,114.1399702,30.39150802
5315,2,114.1399693,30.39150851
5316,2,114.1399684,30.39150901
5317,2,114.1399676,30.39150951
5318,2,114.1399667,30.39151
5319,2,114.1399658,30.3915105
5320,2,114.139965,30.391511
5321,2,114.1399641,30.39151149
5322,2,114.1399632,30.39151199
5323,2,114.1399623,30.39151249
5324,2,114.1399615,30.39151298
5325,2,114.1399606,30.39151348
5326,2,114.1399597,30.39151398
5327,2,114.1399589,30.39151447
5328,2,114.139958,30.39151497
5329,2,114.1399571,30.39151547
5330,2,114.1399563,30.39151596
5331,2,114.1399554,30.39151646
5332,2,114.1399545,30.39151696
5333,2,114.1399537,30.39151745
5334,2,114.1399528,30.39151795
5335,2,114.1399519,30.39151845
5336,2,114.1399511,30.39151894
5337,2,114.1399502,30.39151944
5338,2,114.1399493,30.39151994
5339,2,114.1399485,30.39152043
5340,2,114.1399476,30.39152093
5341,2,114.1399467,30.39152143
5342,2,114.1399459,30.39152192
5343,2,114.139945,30.39152242
5344,2,114.1399441,30.39152292
5345,2,114.1399433,30.39152341
5346,2,114.1399424,30.39152391
5347,2,114.1399415,30.39152441
5348,2,114.1399406,30.3915249
5349,2,114.1399398,30.3915254
5350,2,114.1399389,30.3915259
5351,2,114.139938,30.39152639
5352,2,114.1399372,30.39152689
5353,2,114.1399363,30.39152739
5354,2,114.1399354,30.39152788
5355,2,114.1399346,30.39152838
5356,2,114.1399337,30.39152888
5357,2,114.1399328,30.39152937
5358,2,114.139932,30.39152987
5359,2,114.1399311,30.39153037
5360,2,114.1399302,30.39153086
5361,2,114.1399294,30.39153136
5362,2,114.1399285,30.39153186
5363,2,114.1399276,30.39153235
5364,2,114.1399268,30.39153285
5365,2,114.1399259,30.39153335
5366,2,114.139925,30.39153384
5367,2,114.1399242,30.39153434
5368,2,114.1399233,30.39153484
5369,2,114.1399224,30.39153533
5370,2,114.1399216,30.39153583
5371,2,114.1399207,30.39153633
5372,2,114.1399198,30.39153682
5373,2,114.139919,30.39153732
5374,2,114.1399181,30.39153782
5375,2,114.1399172,30.39153831
5376,2,114.1399163,30.39153881
5377,2,114.1399155,30.39153931
5378,2,114.1399146,30.3915398
5379,2,114.1399137,30.3915403
5380,2,114.1399129,30.3915408
5381,2,114.139912,30.39154129
5382,2,114.1399111,30.39154179
5383,2,114.1399103,30.39154229
5384,2,114.1399094,30.39154278
5385,2,114.1399085,30.39154328
5386,2,114.1399077,30.39154378
5387,2,114.1399068,30.39154427
5388,2,114.1399059,30.39154477
5389,2,114.1399051,30.39154527
5390,2,114.1399042,30.39154576
5391,2,114.1399033,30.39154626
5392,2,114.1399025,30.39154676
5393,2,114.1399016,30.39154725
5394,2,114.1399007,30.39154775
5395,2,114.1398999,30.39154825
5396,2,114.139899,30.39154874
5397,2,114.1398981,30.39154924
5398,2,114.1398973,30.39154974
5399,2,114.1398964,30.39155023
5400,2,114.1398955,30.39155073
5401,2,114.1398946,30.39155123
5402,2,114.1398938,30.39155172
5403,2,114.1398929,30.39155222
5404,2,114.139892,30.39155272
5405,2,114.1398912,30.39155321
5406,2,114.1398903,30.39155371
5407,2,114.1398894,30.39155421
5408,2,114.1398886,30.3915547
5409,2,114.1398877,30.3915552
5410,2,114.1398868,30.3915557
5411,2,114.139886,30.39155619
5412,2,114.1398851,30.39155669
5413,2,114.1398842,30.39155719
5414,2,114.1398834,30.39155768
5415,2,114.1398825,30.39155818
5416,2,114.1398816,30.39155868
5417,2,114.1398808,30.39155917
5418,2,114.1398799,30.39155967
5419,2,114.139879,30.39156017
5420,2,114.1398782,30.39156066
5421,2,114.1398773,30.39156116
5422,2,114.1398764,30.39156166
5423,2,114.1398756,30.39156215
5424,2,114.1398747,30.39156265
5425,2,114.1398738,30.39156315
5426,2,114.1398729,30.39156364
5427,2,114.1398721,30.39156414
5428,2,114.1398712,30.39156464
5429,2,114.1398703,30.39156513
5430,2,114.1398695,30.39156563
5431,2,114.1398686,30.39156613
5432,2,114.1398677,30.39156662
5433,2,114.1398669,30.39156712
5434,2,114.139866,30.39156762
5435,2,114.1398651,30.39156811
5436,2,114.1398643,30.39156861
5437,2,114.1398634,30.39156911
5438,2,114.1398625,30.3915696
5439,2,114.1398617,30.3915701
5440,2,114.1398608,30.3915706
5441,2,114.1398599,30.39157109
5442,2,114.1398591,30.39157159
5443,2,114.1398582,30.39157209
5444,2,114.1398573,30.39157258
5445,2,114.1398565,30.39157308
5446,2,114.1398556,30.39157358
5447,2,114.1398547,30.39157407
5448,2,114.1398539,30.39157457
5449,2,114.139853,30.39157507
5450,2,114.1398521,30.39157556
5451,2,114.1398513,30.39157606
5452,2,114.1398504,30.39157656
5453,2,114.1398495,30.39157705
5454,2,114.1398486,30.39157755
5455,2,114.1398478,30.39157805
5456,2,114.1398469,30.39157854
5457,2,114.139846,30.39157904
5458,2,114.1398452,30.39157954
5459,2,114.1398443,30.39158003
5460,2,114.1398434,30.39158053
5461,2,114.1398426,30.39158103
5462,2,114.1398417,30.39158152
5463,2,114.1398408,30.39158202
5464,2,114.13984,30.39158252
5465,2,114.1398391,30.39158301
5466,2,114.1398382,30.39158351
5467,2,114.1398374,30.39158401
5468,2,114.1398365,30.3915845
5469,2,114.1398356,30.391585
5470,2,114.1398348,30.3915855
5471,2,114.1398339,30.39158599
5472,2,114.139833,30.39158649
5473,2,114.1398322,30.39158699
5474,2,114.1398313,30.39158748
5475,2,114.1398304,30.39158798
5476,2,114.1398296,30.39158848
5477,2,114.1398287,30.39158897
5478,2,114.1398278,30.39158947
5479,2,114.1398269,30.39158997
5480,2,114.1398261,30.39159046
5481,2,114.1398252,30.39159096
5482,2,114.1398243,30.39159146
5483,2,114.1398235,30.39159195
5484,2,114.1398226,30.39159245
5485,2,114.1398217,30.39159295
5486,2,114.1398209,30.39159344
5487,2,114.13982,30.39159394
5488,2,114.1398191,30.39159444
5489,2,114.1398183,30.39159493
5490,2,114.1398174,30.39159543
5491,2,114.1398165,30.39159593
5492,2,114.1398157,30.39159642
5493,2,114.1398148,30.39159692
5494,2,114.1398139,30.39159742
5495,2,114.1398131,30.39159791
5496,2,114.1398122,30.39159841
5497,2,114.1398113,30.39159891
5498,2,114.1398105,30.3915994
5499,2,114.1398096,30.3915999
5500,2,114.1398087,30.3916004
5501,2,114.1398079,30.39160089
5502,2,114.139807,30.39160139
5503,2,114.1398061,30.39160189
5504,2,114.1398052,30.39160238
5505,2,114.1398044,30.39160288
5506,2,114.1398035,30.39160338
5507,2,114.1398026,30.39160387
5508,2,114.1398018,30.39160437
5509,2,114.1398009,30.39160487
5510,2,114.1398,30.39160536
5511,2,114.1397992,30.39160586
5512,2,114.1397983,30.39160636
5513,2,114.1397974,30.39160685
5514,2,114.1397966,30.39160735
5515,2,114.1397957,30.39160785
5516,2,114.1397948,30.39160834
5517,2,114.139794,30.39160884
5518,2,114.1397931,30.39160934
5519,2,114.1397922,30.39160983
5520,2,114.1397914,30.39161033
5521,2,114.1397905,30.39161083
5522,2,114.1397896,30.39161132
5523,2,114.1397888,30.39161182
5524,2,114.1397879,30.39161232
5525,2,114.139787,30.39161281
5526,2,114.1397862,30.39161331
5527,2,114.1397853,30.39161381
5528,2,114.1397844,30.3916143
5529,2,114.1397836,30.3916148
5530,2,114.1397827,30.3916153
5531,2,114.1397818,30.39161579
5532,2,114.1397809,30.39161629
5533,2,114.1397801,30.39161679
5534,2,114.1397792,30.39161728
5535,2,114.1397783,30.39161778
5536,2,114.1397775,30.39161828
5537,2,114.1397766,30.39161877
5538,2,114.1397757,30.39161927
5539,2,114.1397749,30.39161977
5540,2,114.139774,30.39162026
5541,2,114.1397731,30.39162076
5542,2,114.1397723,30.39162126
5543,2,114.1397714,30.39162175
5544,2,114.1397705,30.39162225
5545,2,114.1397697,30.39162275
5546,2,114.1397688,30.39162324
5547,2,114.1397679,30.39162374
5548,2,114.1397671,30.39162424
5549,2,114.1397662,30.39162473
5550,2,114.1397653,30.39162523
5551,2,114.1397645,30.39162573
5552,2,114.1397636,30.39162622
5553,2,114.1397627,30.39162672
5554,2,114.1397619,30.39162722
5555,2,114.139761,30.39162771
5556,2,114.1397601,30.39162821
5557,2,114.1397592,30.39162871
5558,2,114.1397584,30.3916292
5559,2,114.1397575,30.3916297
5560,2,114.1397566,30.3916302
5561,2,114.1397558,30.39163069
5562,2,114.1397549,30.39163119
5563,2,114.139754,30.39163169
5564,2,114.1397532,30.39163218
5565,2,114.1397523,30.39163268
5566,2,114.1397514,30.39163318
5567,2,114.1397506,30.39163367
5568,2,114.1397497,30.39163417
5569,2,114.1397488,30.39163467
5570,2,114.139748,30.39163516
5571,2,114.1397471,30.39163566
5572,2,114.1397462,30.39163616
5573,2,114.1397454,30.39163665
5574,2,114.1397445,30.39163715
5575,2,114.1397436,30.39163765
5576,2,114.1397428,30.39163814
5577,2,114.1397419,30.39163864
5578,2,114.139741,30.39163914
5579,2,114.1397402,30.39163963
5580,2,114.1397393,30.39164013
5581,2,114.1397384,30.39164063
5582,2,114.1397376,30.39164112
5583,2,114.1397367,30.39164162
5584,2,114.1397358,30.39164212
5585,2,114.1397349,30.39164261
5586,2,114.1397341,30.39164311
5587,2,114.1397332,30.39164361
5588,2,114.1397323,30.3916441
5589,2,114.1397315,30.3916446
5590,2,114.1397306,30.3916451
5591,2,114.1397297,30.39164559
5592,2,114.1397289,30.39164609
5593,2,114.139728,30.39164659
5594,2,114.1397271,30.39164708
5595,2,114.1397263,30.39164758
5596,2,114.1397254,30.39164808
5597,2,114.1397245,30.39164857
5598,2,114.1397237,30.39164907
5599,2,114.1397228,30.39164957
5600,2,114.1397219,30.39165006
5601,2,114.1397211,30.39165056
5602,2,114.1397202,30.39165106
5603,2,114.1397193,30.39165155
5604,2,114.1397185,30.39165205
5605,2,114.1397176,30.39165255
5606,2,114.1397167,30.39165304
5607,2,114.1397159,30.39165354
5608,2,114.139715,30.39165404
5609,2,114.1397141,30.39165453
5610,2,114.1397132,30.39165503
5611,2,114.1397124,30.39165553
5612,2,114.1397115,30.39165602
5613,2,114.1397106,30.39165652
5614,2,114.1397098,30.39165702
5615,2,114.1397089,30.39165751
5616,2,114.139708,30.39165801
5617,2,114.1397072,30.39165851
5618,2,114.1397063,30.391659
5619,2,114.1397054,30.3916595
5620,2,114.1397046,30.39166
5621,2,114.1397037,30.39166049
5622,2,114.1397028,30.39166099
5623,2,114.139702,30.39166149
5624,2,114.1397011,30.39166198
5625,2,114.1397002,30.39166248
5626,2,114.1396994,30.39166298
5627,2,114.1396985,30.39166347
5628,2,114.1396976,30.39166397
5629,2,114.1396968,30.39166447
5630,2,114.1396959,30.39166496
5631,2,114.139695,30.39166546
5632,2,114.1396942,30.39166596
5633,2,114.1396933,30.39166645
5634,2,114.1396924,30.39166695
5635,2,114.1396915,30.39166745
5636,2,114.1396907,30.39166794
5637,2,114.1396898,30.39166844
5638,2,114.1396889,30.39166894
5639,2,114.1396881,30.39166943
5640,2,114.1396872,30.39166993
5641,2,114.1396863,30.39167043
5642,2,114.1396855,30.39167092
5643,2,114.1396846,30.39167142
5644,2,114.1396837,30.39167192
5645,2,114.1396829,30.39167241
5646,2,114.139682,30.39167291
5647,2,114.1396811,30.39167341
5648,2,114.1396803,30.3916739
5649,2,114.1396794,30.3916744
5650,2,114.1396785,30.3916749
5651,2,114.1396777,30.39167539
5652,2,114.1396768,30.39167589
5653,2,114.1396759,30.39167639
5654,2,114.1396751,30.39167688
5655,2,114.1396742,30.39167738
5656,2,114.1396733,30.39167788
5657,2,114.1396725,30.39167837
5658,2,114.1396716,30.39167887
5659,2,114.1396707,30.39167937
5660,2,114.1396699,30.39167986
5661,2,114.139669,30.39168036
5662,2,114.1396681,30.39168086
5663,2,114.1396672,30.39168135
5664,2,114.1396664,30.39168185
5665,2,114.1396655,30.39168235
5666,2,114.1396646,30.39168284
5667,2,114.1396638,30.39168334
5668,2,114.1396629,30.39168384
5669,2,114.139662,30.39168433
5670,2,114.1396612,30.39168483
5671,2,114.1396603,30.39168533
5672,2,114.1396594,30.39168582
5673,2,114.1396586,30.39168632
5674,2,114.1396577,30.39168682
5675,2,114.1396568,30.39168731
5676,2,114.139656,30.39168781
5677,2,114.1396551,30.39168831
5678,2,114.1396542,30.3916888
5679,2,114.1396534,30.3916893
5680,2,114.1396525,30.3916898
5681,2,114.1396516,30.39169029
5682,2,114.1396508,30.39169079
5683,2,114.1396499,30.39169129
5684,2,114.139649,30.39169178
5685,2,114.1396482,30.39169228
5686,2,114.1396473,30.39169278
5687,2,114.1396464,30.39169327
5688,2,114.1396455,30.39169377
5689,2,114.1396447,30.39169427
5690,2,114.1396438,30.39169476
5691,2,114.1396429,30.39169526
5692,2,114.1396421,30.39169576
5693,2,114.1396412,30.39169625
5694,2,114.1396403,30.39169675
5695,2,114.1396395,30.39169725
5696,2,114.1396386,30.39169774
5697,2,114.1396377,30.39169824
5698,2,114.1396369,30.39169874
5699,2,114.139636,30.39169923
5700,2,114.1396351,30.39169973
5701,2,114.1396343,30.39170023
5702,2,114.1396334,30.39170072
5703,2,114.1396325,30.39170122
5704,2,114.1396317,30.39170172
5705,2,114.1396308,30.39170221
5706,2,114.1396299,30.39170271
5707,2,114.1396291,30.39170321
5708,2,114.1396282,30.3917037
5709,2,114.1396273,30.3917042
5710,2,114.1396265,30.3917047
5711,2,114.1396256,30.39170519
5712,2,114.1396247,30.39170569
5713,2,114.1396238,30.39170619
5714,2,114.139623,30.39170668
5715,2,114.1396221,30.39170718
5716,2,114.1396212,30.39170768
5717,2,114.1396204,30.39170817
5718,2,114.1396195,30.39170867
5719,2,114.1396186,30.39170917
5720,2,114.1396178,30.39170966
5721,2,114.1396169,30.39171016
5722,2,114.139616,30.39171066
5723,2,114.1396152,30.39171115
5724,2,114.1396143,30.39171165
5725,2,114.1396134,30.39171215
5726,2,114.1396126,30.39171264
5727,2,114.1396117,30.39171314
5728,2,114.1396108,30.39171364
5729,2,114.13961,30.39171413
5730,2,114.1396091,30.39171463
5731,2,114.1396082,30.39171513
5732,2,114.1396074,30.39171562
5733,2,114.1396065,30.39171612
5734,2,114.1396056,30.39171662
5735,2,114.1396048,30.39171711
5736,2,114.1396039,30.39171761
5737,2,114.139603,30.39171811
5738,2,114.1396022,30.3917186
5739,2,114.1396013,30.3917191
5740,2,114.1396004,30.3917196
5741,2,114.1395995,30.39172009
5742,2,114.1395987,30.39172059
5743,2,114.1395978,30.39172109
5744,2,114.1395969,30.39172158
5745,2,114.1395961,30.39172208
5746,2,114.1395952,30.39172258
5747,2,114.1395943,30.39172307
5748,2,114.1395935,30.39172357
5749,2,114.1395926,30.39172407
5750,2,114.1395917,30.39172456
5751,2,114.1395909,30.39172506
5752,2,114.13959,30.39172556
5753,2,114.1395891,30.39172605
5754,2,114.1395883,30.39172655
5755,2,114.1395874,30.39172705
5756,2,114.1395865,30.39172754
5757,2,114.1395857,30.39172804
5758,2,114.1395848,30.39172854
5759,2,114.1395839,30.39172903
5760,2,114.1395831,30.39172953
5761,2,114.1395822,30.39173003
5762,2,114.1395813,30.39173052
5763,2,114.1395805,30.39173102
5764,2,114.1395796,30.39173152
5765,2,114.1395787,30.39173201
5766,2,114.1395778,30.39173251
5767,2,114.139577,30.39173301
5768,2,114.1395761,30.3917335
5769,2,114.1395752,30.391734
5770,2,114.1395744,30.3917345
5771,2,114.1395735,30.39173499
5772,2,114.1395726,30.39173549
5773,2,114.1395718,30.39173599
5774,2,114.1395709,30.39173648
5775,2,114.13957,30.39173698
5776,2,114.1395692,30.39173748
5777,2,114.1395683,30.39173797
5778,2,114.1395674,30.39173847
5779,2,114.1395666,30.39173897
5780,2,114.1395657,30.39173946
5781,2,114.1395648,30.39173996
5782,2,114.139564,30.39174046
5783,2,114.1395631,30.39174095
5784,2,114.1395622,30.39174145
5785,2,114.1395614,30.39174195
5786,2,114.1395605,30.39174244
5787,2,114.1395596,30.39174294
5788,2,114.1395588,30.39174344
5789,2,114.1395579,30.39174393
5790,2,114.139557,30.39174443
5791,2,114.1395562,30.39174493
5792,2,114.1395553,30.39174542
5793,2,114.1395544,30.39174592
5794,2,114.1395535,30.39174642
5795,2,114.1395527,30.39174691
5796,2,114.1395518,30.39174741
5797,2,114.1395509,30.39174791
5798,2,114.1395501,30.3917484
5799,2,114.1395492,30.3917489
5800,2,114.1395483,30.3917494
5801,2,114.1395475,30.39174989
5802,2,114.1395466,30.39175039
5803,2,114.1395457,30.39175089
5804,2,114.1395449,30.39175138
5805,2,114.139544,30.39175188
5806,2,114.1395431,30.39175238
5807,2,114.1395423,30.39175287
5808,2,114.1395414,30.39175337
5809,2,114.1395405,30.39175387
5810,2,114.1395397,30.39175436
5811,2,114.1395388,30.39175486
5812,2,114.1395379,30.39175536
5813,2,114.1395371,30.39175585
5814,2,114.1395362,30.39175635
5815,2,114.1395353,30.39175685
5816,2,114.1395345,30.39175734
5817,2,114.1395336,30.39175784
5818,2,114.1395327,30.39175834
5819,2,114.1395318,30.39175883
5820,2,114.139531,30.39175933
5821,2,114.1395301,30.39175983
5822,2,114.1395292,30.39176032
5823,2,114.1395284,30.39176082
5824,2,114.1395275,30.39176132
5825,2,114.1395266,30.39176181
5826,2,114.1395258,30.39176231
5827,2,114.1395249,30.39176281
5828,2,114.139524,30.3917633
5829,2,114.1395232,30.3917638
5830,2,114.1395223,30.3917643
5831,2,114.1395214,30.39176479
5832,2,114.1395206,30.39176529
5833,2,114.1395197,30.39176579
5834,2,114.1395188,30.39176628
5835,2,114.139518,30.39176678
5836,2,114.1395171,30.39176728
5837,2,114.1395162,30.39176777
5838,2,114.1395154,30.39176827
5839,2,114.1395145,30.39176877
5840,2,114.1395136,30.39176926
5841,2,114.1395128,30.39176976
5842,2,114.1395119,30.39177026
5843,2,114.139511,30.39177075
5844,2,114.1395101,30.39177125
5845,2,114.1395093,30.39177175
5846,2,114.1395084,30.39177224
5847,2,114.1395075,30.39177274
5848,2,114.1395067,30.39177324
5849,2,114.1395058,30.39177373
5850,2,114.1395049,30.39177423
5851,2,114.1395041,30.39177473
5852,2,114.1395032,30.39177522
5853,2,114.1395023,30.39177572
5854,2,114.1395015,30.39177622
5855,2,114.1395006,30.39177671
5856,2,114.1394997,30.39177721
5857,2,114.1394989,30.39177771
5858,2,114.139498,30.3917782
5859,2,114.1394971,30.3917787
5860,2,114.1394963,30.3917792
5861,2,114.1394954,30.39177969
5862,2,114.1394945,30.39178019
5863,2,114.1394937,30.39178069
5864,2,114.1394928,30.39178118
5865,2,114.1394919,30.39178168
5866,2,114.1394911,30.39178218
5867,2,114.1394902,30.39178267
5868,2,114.1394893,30.39178317
5869,2,114.1394885,30.39178367
5870,2,114.1394876,30.39178416
5871,2,114.1394867,30.39178466
5872,2,114.1394858,30.39178516
5873,2,114.139485,30.39178565
5874,2,114.1394841,30.39178615
5875,2,114.1394832,30.39178665
5876,2,114.1394824,30.39178714
5877,2,114.1394815,30.39178764
5878,2,114.1394806,30.39178814
5879,2,114.1394798,30.39178863
5880,2,114.1394789,30.39178913
5881,2,114.139478,30.39178963
5882,2,114.1394771,30.3917899
5883,2,114.1394761,30.39179006
5884,2,114.1394751,30.39179022
5885,2,114.1394741,30.39179038
5886,2,114.1394731,30.39179054
5887,2,114.1394722,30.3917907
5888,2,114.1394712,30.39179086
5889,2,114.1394702,30.39179102
5890,2,114.1394692,30.39179117
5891,2,114.1394682,30.39179133
5892,2,114.1394672,30.39179148
5893,2,114.1394662,30.39179163
5894,2,114.1394652,30.39179178
5895,2,114.1394642,30.39179193
5896,2,114.1394633,30.39179208
5897,2,114.1394623,30.39179223
5898,2,114.1394613,30.39179238
5899,2,114.1394603,30.39179252
5900,2,114.1394593,30.39179267
5901,2,114.1394583,30.39179281
5902,2,114.1394573,30.39179295
5903,2,114.1394563,30.39179309
5904,2,114.1394553,30.39179323
5905,2,114.1394544,30.39179337
5906,2,114.1394534,30.39179351
5907,2,114.1394524,30.39179364
5908,2,114.1394514,30.39179378
5909,2,114.1394504,30.39179391
5910,2,114.1394494,30.39179405
5911,2,114.1394484,30.39179418
5912,2,114.1394474,30.39179431
5913,2,114.1394464,30.39179444
5914,2,114.1394454,30.39179456
5915,2,114.1394444,30.39179469
5916,2,114.1394434,30.39179482
5917,2,114.1394425,30.39179494
5918,2,114.1394415,30.39179507
5919,2,114.1394405,30.39179519
5920,2,114.1394395,30.39179531
5921,2,114.1394385,30.39179543
5922,2,114.1394375,30.39179555
5923,2,114.1394365,30.39179567
5924,2,114.1394355,30.39179578
5925,2,114.1394345,30.3917959
5926,2,114.1394335,30.39179601
5927,2,114.1394325,30.39179613
5928,2,114.1394315,30.39179624
5929,2,114.1394305,30.39179635
5930,2,114.1394295,30.39179646
5931,2,114.1394285,30.39179657
5932,2,114.1394276,30.39179668
5933,2,114.1394266,30.39179678
5934,2,114.1394256,30.39179689
5935,2,114.1394246,30.39179699
5936,2,114.1394236,30.39179709
5937,2,114.1394226,30.3917972
5938,2,114.1394216,30.3917973
5939,2,114.1394206,30.3917974
5940,2,114.1394196,30.39179749
5941,2,114.1394186,30.39179759
5942,2,114.1394176,30.39179769
5943,2,114.1394166,30.39179778
5944,2,114.1394156,30.39179787
5945,2,114.1394146,30.39179797
5946,2,114.1394136,30.39179806
5947,2,114.1394126,30.39179815
5948,2,114.1394116,30.39179824
5949,2,114.1394106,30.39179833
5950,2,114.1394096,30.39179841
5951,2,114.1394086,30.3917985
5952,2,114.1394076,30.39179858
5953,2,114.1394066,30.39179867
5954,2,114.1394057,30.39179875
5955,2,114.1394047,30.39179883
5956,2,114.1394037,30.39179891
5957,2,114.1394027,30.39179899
5958,2,114.1394017,30.39179907
5959,2,114.1394007,30.39179914
5960,2,114.1393997,30.39179922
5961,2,114.1393987,30.39179929
5962,2,114.1393977,30.39179936
5963,2,114.1393967,30.39179944
5964,2,114.1393957,30.39179951
5965,2,114.1393947,30.39179958
5966,2,114.1393937,30.39179964
5967,2,114.1393927,30.39179971
5968,2,114.1393917,30.39179978
5969,2,114.1393907,30.39179984
5970,2,114.1393897,30.39179991
5971,2,114.1393887,30.39179997
5972,2,114.1393877,30.39180003
5973,2,114.1393867,30.39180009
5974,2,114.1393857,30.39180015
5975,2,114.1393847,30.39180021
5976,2,114.1393837,30.39180026
5977,2,114.1393827,30.39180032
5978,2,114.1393817,30.39180037
5979,2,114.1393807,30.39180043
5980,2,114.1393797,30.39180048
5981,2,114.1393787,30.39180053
5982,2,114.1393777,30.39180058
5983,2,114.1393767,30.39180063
5984,2,114.1393757,30.39180068
5985,2,114.1393747,30.39180072
5986,2,114.1393737,30.39180077
5987,2,114.1393727,30.39180081
5988,2,114.1393717,30.39180085
5989,2,114.1393707,30.3918009
5990,2,114.1393697,30.39180094
5991,2,114.1393687,30.39180098
5992,2,114.1393677,30.39180101
5993,2,114.1393667,30.39180105
5994,2,114.1393657,30.39180109
5995,2,114.1393647,30.39180112
5996,2,114.1393637,30.39180116
5997,2,114.1393627,30.39180119
5998,2,114.1393617,30.39180122
5999,2,114.1393607,30.39180125
6000,2,114.1393597,30.39180128
6001,2,114.1393587,30.39180131
6002,2,114.1393577,30.39180133
6003,2,114.1393567,30.39180136
6004,2,114.1393557,30.39180138
6005,2,114.1393547,30.39180141
6006,2,114.1393537,30.39180143
6007,2,114.1393527,30.39180145
6008,2,114.1393517,30.39180147
6009,2,114.1393507,30.39180149
6010,2,114.1393497,30.3918015
6011,2,114.1393487,30.39180152
6012,2,114.1393477,30.39180154
6013,2,114.1393467,30.39180155
6014,2,114.1393457,30.39180156
6015,2,114.1393447,30.39180157
6016,2,114.1393437,30.39180158
6017,2,114.1393427,30.39180159
6018,2,114.1393417,30.3918016
6019,2,114.1393407,30.39180161
6020,2,114.1393397,30.39180162
6021,2,114.1393387,30.39180162
6022,2,114.1393377,30.39180162
6023,2,114.1393367,30.39180163
6024,2,114.1393357,30.39180163
6025,2,114.1393347,30.39180163
6026,2,114.1393337,30.39180163
6027,2,114.1393327,30.39180162
6028,2,114.1393317,30.39180162
6029,2,114.1393307,30.39180162
6030,2,114.1393297,30.39180161
6031,2,114.1393287,30.3918016
6032,2,114.1393277,30.3918016
6033,2,114.1393267,30.39180159
6034,2,114.1393257,30.39180158
6035,2,114.1393247,30.39180156
6036,2,114.1393237,30.39180155
6037,2,114.1393227,30.39180154
6038,2,114.1393217,30.39180152
6039,2,114.1393207,30.39180151
6040,2,114.1393197,30.39180149
6041,2,114.1393187,30.39180147
6042,2,114.1393177,30.39180145
6043,2,114.1393167,30.39180143
6044,2,114.1393157,30.39180141
6045,2,114.1393147,30.39180139
6046,2,114.1393137,30.39180136
6047,2,114.1393127,30.39180134
6048,2,114.1393117,30.39180131
6049,2,114.1393107,30.39180128
6050,2,114.1393097,30.39180125
6051,2,114.1393087,30.39180122
6052,2,114.1393077,30.39180119
6053,2,114.1393067,30.39180116
6054,2,114.1393057,30.39180113
6055,2,114.1393047,30.39180109
6056,2,114.1393037,30.39180106
6057,2,114.1393027,30.39180102
6058,2,114.1393017,30.39180098
6059,2,114.1393007,30.39180094
6060,2,114.1392997,30.3918009
6061,2,114.1392987,30.39180086
6062,2,114.1392977,30.39180082
6063,2,114.1392967,30.39180077
6064,2,114.1392957,30.39180073
6065,2,114.1392947,30.39180068
6066,2,114.1392937,30.39180063
6067,2,114.1392927,30.39180059
6068,2,114.1392918,30.39180054
6069,2,114.1392908,30.39180049
6070,2,114.1392898,30.39180043
6071,2,114.1392888,30.39180038
6072,2,114.1392878,30.39180033
6073,2,114.1392868,30.39180027
6074,2,114.1392858,30.39180021
6075,2,114.1392848,30.39180016
6076,2,114.1392838,30.3918001
6077,2,114.1392828,30.39180004
6078,2,114.1392818,30.39179998
6079,2,114.1392808,30.39179991
6080,2,114.1392798,30.39179985
6081,2,114.1392788,30.39179979
6082,2,114.1392778,30.39179972
6083,2,114.1392768,30.39179965
6084,2,114.1392758,30.39179958
6085,2,114.1392748,30.39179952
6086,2,114.1392738,30.39179944
6087,2,114.1392728,30.39179937
6088,2,114.1392718,30.3917993
6089,2,114.1392708,30.39179923
6090,2,114.1392698,30.39179915
6091,2,114.1392688,30.39179908
6092,2,114.1392678,30.391799
6093,2,114.1392668,30.39179892
6094,2,114.1392658,30.39179884
6095,2,114.1392648,30.39179876
6096,2,114.1392638,30.39179868
6097,2,114.1392628,30.39179859
6098,2,114.1392618,30.39179851
6099,2,114.1392608,30.39179842
6100,2,114.1392598,30.39179834
6101,2,114.1392588,30.39179825
6102,2,114.1392578,30.39179816
6103,2,114.1392568,30.39179807
6104,2,114.1392558,30.39179798
6105,2,114.1392548,30.39179789
6106,2,114.1392539,30.39179779
6107,2,114.1392529,30.3917977
6108,2,114.1392519,30.3917976
6109,2,114.1392509,30.39179751
6110,2,114.1392499,30.39179741
6111,2,114.1392489,30.39179731
6112,2,114.1392479,30.39179721
6113,2,114.1392469,30.39179711
6114,2,114.1392459,30.391797
6115,2,114.1392449,30.3917969
6116,2,114.1392439,30.3917968
6117,2,114.1392429,30.39179669
6118,2,114.1392419,30.39179658
6119,2,114.1392409,30.39179647
6120,2,114.1392399,30.39179636
6121,2,114.1392389,30.39179625
6122,2,114.1392379,30.39179614
6123,2,114.1392369,30.39179603
6124,2,114.139236,30.39179591
6125,2,114.139235,30.3917958
6126,2,114.139234,30.39179568
6127,2,114.139233,30.39179556
6128,2,114.139232,30.39179545
6129,2,114.139231,30.39179533
6130,2,114.13923,30.3917952
6131,2,114.139229,30.39179508
6132,2,114.139228,30.39179496
6133,2,114.139227,30.39179483
6134,2,114.139226,30.39179471
6135,2,114.139225,30.39179458
6136,2,114.139224,30.39179445
6137,2,114.139223,30.39179432
6138,2,114.1392221,30.39179419
6139,2,114.1392211,30.39179406
6140,2,114.1392201,30.39179393
6141,2,114.1392191,30.3917938
6142,2,114.1392181,30.39179366
6143,2,114.1392171,30.39179353
6144,2,114.1392161,30.39179339
6145,2,114.1392151,30.39179325
6146,2,114.1392141,30.39179311
6147,2,114.1392131,30.39179297
6148,2,114.1392122,30.39179283
6149,2,114.1392112,30.39179269
6150,2,114.1392102,30.39179254
6151,2,114.1392092,30.3917924
6152,2,114.1392082,30.39179225
6153,2,114.1392072,30.3917921
6154,2,114.1392062,30.39179195
6155,2,114.1392052,30.3917918
6156,2,114.1392042,30.39179165
6157,2,114.1392032,30.3917915
6158,2,114.1392023,30.39179135
6159,2,114.1392013,30.39179119
6160,2,114.1392003,30.39179104
6161,2,114.1391993,30.39179088
6162,2,114.1391983,30.39179072
6163,2,114.1391973,30.39179056
6164,2,114.1391963,30.3917904
6165,2,114.1391953,30.39179024
6166,2,114.1391944,30.39179008
6167,2,114.1391934,30.39178992
6168,2,114.1391924,30.39178975
6169,2,114.1391914,30.39178959
6170,2,114.1391904,30.39178942
6171,2,114.1391894,30.39178925
6172,2,114.1391884,30.39178908
6173,2,114.1391875,30.39178891
6174,2,114.1391865,30.39178874
6175,2,114.1391855,30.39178857
6176,2,114.1391845,30.39178839
6177,2,114.1391835,30.39178822
6178,2,114.1391825,30.39178804
6179,2,114.1391816,30.39178787
6180,2,114.1391806,30.39178769
6181,2,114.1391796,30.39178751
6182,2,114.1391786,30.39178733
6183,2,114.1391776,30.39178715
6184,2,114.1391766,30.39178696
6185,2,114.1391757,30.39178678
6186,2,114.1391747,30.39178659
6187,2,114.1391737,30.39178641
6188,2,114.1391727,30.39178622
6189,2,114.1391717,30.39178603
6190,2,114.1391707,30.39178584
6191,2,114.1391698,30.39178565
6192,2,114.1391688,30.39178546
6193,2,114.1391678,30.39178527
6194,2,114.1391668,30.39178507
6195,2,114.1391658,30.39178488
6196,2,114.1391649,30.39178468
6197,2,114.1391639,30.39178448
6198,2,114.1391629,30.39178428
6199,2,114.1391619,30.39178408
6200,2,114.1391609,30.39178388
6201,2,114.13916,30.39178368
6202,2,114.139159,30.39178348
6203,2,114.139158,30.39178327
6204,2,114.139157,30.39178307
6205,2,114.139156,30.39178286
6206,2,114.1391551,30.39178265
6207,2,114.1391541,30.39178244
6208,2,114.1391531,30.39178223
6209,2,114.1391521,30.39178202
6210,2,114.1391512,30.39178181
6211,2,114.1391502,30.3917816
6212,2,114.1391492,30.39178138
6213,2,114.1391482,30.39178117
6214,2,114.1391472,30.39178095
6215,2,114.1391463,30.39178073
6216,2,114.1391453,30.39178051
6217,2,114.1391443,30.39178029
6218,2,114.1391433,30.39178007
6219,2,114.1391424,30.39177985
6220,2,114.1391414,30.39177963
6221,2,114.1391404,30.3917794
6222,2,114.1391394,30.39177917
6223,2,114.1391385,30.39177895
6224,2,114.1391375,30.39177872
6225,2,114.1391365,30.39177849
6226,2,114.1391356,30.39177826
6227,2,114.1391346,30.39177803
6228,2,114.1391336,30.3917778
6229,2,114.1391326,30.39177756
6230,2,114.1391317,30.39177733
6231,2,114.1391307,30.39177709
6232,2,114.1391297,30.39177685
6233,2,114.1391287,30.39177662
6234,2,114.1391278,30.39177638
6235,2,114.1391268,30.39177614
6236,2,114.1391258,30.39177589
6237,2,114.1391249,30.39177565
6238,2,114.1391239,30.39177541
6239,2,114.1391229,30.39177516
6240,2,114.139122,30.39177492
6241,2,114.139121,30.39177467
6242,2,114.13912,30.39177442
6243,2,114.139119,30.39177417
6244,2,114.1391181,30.39177392
6245,2,114.1391171,30.39177367
6246,2,114.1391161,30.39177342
6247,2,114.1391152,30.39177316
6248,2,114.1391142,30.39177291
6249,2,114.1391132,30.39177265
6250,2,114.1391123,30.39177239
6251,2,114.1391113,30.39177214
6252,2,114.1391103,30.39177188
6253,2,114.1391094,30.39177162
6254,2,114.1391084,30.39177135
6255,2,114.1391075,30.39177109
6256,2,114.1391065,30.39177083
6257,2,114.1391055,30.39177056
6258,2,114.1391046,30.39177029
6259,2,114.1391036,30.39177003
6260,2,114.1391026,30.39176976
6261,2,114.1391017,30.39176949
6262,2,114.1391007,30.39176922
6263,2,114.1390997,30.39176895
6264,2,114.1390988,30.39176867
6265,2,114.1390978,30.3917684
6266,2,114.1390969,30.39176812
6267,2,114.1390959,30.39176785
6268,2,114.1390949,30.39176757
6269,2,114.139094,30.39176729
6270,2,114.139093,30.39176701
6271,2,114.1390921,30.39176673
6272,2,114.1390911,30.39176645
6273,2,114.1390901,30.39176617
6274,2,114.1390892,30.39176588
6275,2,114.1390882,30.3917656
6276,2,114.1390873,30.39176531
6277,2,114.1390863,30.39176502
6278,2,114.1390853,30.39176474
6279,2,114.1390844,30.39176445
6280,2,114.1390834,30.39176416
6281,2,114.1390825,30.39176386
6282,2,114.1390815,30.39176357
6283,2,114.1390806,30.39176328
6284,2,114.1390796,30.39176298
6285,2,114.1390787,30.39176269
6286,2,114.1390777,30.39176239
6287,2,114.1390767,30.39176209
6288,2,114.1390758,30.39176179
6289,2,114.1390748,30.39176149
6290,2,114.1390739,30.39176119
6291,2,114.1390729,30.39176089
6292,2,114.139072,30.39176058
6293,2,114.139071,30.39176028
6294,2,114.1390701,30.39175997
6295,2,114.1390691,30.39175966
6296,2,114.1390682,30.39175935
6297,2,114.1390672,30.39175904
6298,2,114.1390663,30.39175873
6299,2,114.1390653,30.39175842
6300,2,114.1390644,30.39175811
6301,2,114.1390634,30.3917578
6302,2,114.1390625,30.39175748
6303,2,114.1390615,30.39175716
6304,2,114.1390606,30.39175685
6305,2,114.1390596,30.39175653
6306,2,114.1390587,30.39175621
6307,2,114.1390577,30.39175589
6308,2,114.1390568,30.39175557
6309,2,114.1390558,30.39175525
6310,2,114.1390549,30.39175492
6311,2,114.1390539,30.3917546
6312,2,114.139053,30.39175427
6313,2,114.1390521,30.39175394
6314,2,114.1390511,30.39175362
6315,2,114.1390502,30.39175329
6316,2,114.1390492,30.39175296
6317,2,114.1390483,30.39175263
6318,2,114.1390473,30.39175229
6319,2,114.1390464,30.39175196
6320,2,114.1390455,30.39175162
6321,2,114.1390445,30.39175129
6322,2,114.1390436,30.39175095
6323,2,114.1390426,30.39175061
6324,2,114.1390417,30.39175027
6325,2,114.1390407,30.39174993
6326,2,114.1390398,30.39174959
6327,2,114.1390389,30.39174925
6328,2,114.1390379,30.39174891
6329,2,114.139037,30.39174856
6330,2,114.139036,30.39174822
6331,2,114.1390351,30.39174787
6332,2,114.1390342,30.39174752
6333,2,114.1390332,30.39174717
6334,2,114.1390323,30.39174682
6335,2,114.1390314,30.39174647
6336,2,114.1390304,30.39174612
6337,2,114.1390295,30.39174577
6338,2,114.1390286,30.39174541
6339,2,114.1390276,30.39174506
6340,2,114.1390267,30.3917447
6341,2,114.1390258,30.39174435
6342,2,114.1390248,30.39174399
6343,2,114.1390239,30.39174363
6344,2,114.139023,30.39174327
6345,2,114.139022,30.3917429
6346,2,114.1390211,30.39174254
6347,2,114.1390202,30.39174218
6348,2,114.1390192,30.39174181
6349,2,114.1390183,30.39174145
6350,2,114.1390174,30.39174108
6351,2,114.1390164,30.39174071
6352,2,114.1390155,30.39174034
6353,2,114.1390146,30.39173997
6354,2,114.1390137,30.3917396
6355,2,114.1390127,30.39173923
6356,2,114.1390118,30.39173885
6357,2,114.1390109,30.39173848
6358,2,114.1390099,30.3917381
6359,2,114.139009,30.39173773
6360,2,114.1390081,30.39173735
6361,2,114.1390072,30.39173697
6362,2,114.1390062,30.39173659
6363,2,114.1390053,30.39173621
6364,2,114.1390044,30.39173583
6365,2,114.1390035,30.39173544
6366,2,114.1390025,30.39173506
6367,2,114.1390016,30.39173467
6368,2,114.1390007,30.39173429
6369,2,114.1389998,30.3917339
6370,2,114.1389989,30.39173351
6371,2,114.1389979,30.39173312
6372,2,114.138997,30.39173273
6373,2,114.1389961,30.39173234
6374,2,114.1389952,30.39173195
6375,2,114.1389943,30.39173155
6376,2,114.1389933,30.39173116
6377,2,114.1389924,30.39173076
6378,2,114.1389915,30.39173036
6379,2,114.1389906,30.39172997
6380,2,114.1389897,30.39172957
6381,2,114.1389887,30.39172917
6382,2,114.1389878,30.39172877
6383,2,114.1389869,30.39172836
6384,2,114.138986,30.39172796
6385,2,114.1389851,30.39172756
6386,2,114.1389842,30.39172715
6387,2,114.1389833,30.39172674
6388,2,114.1389823,30.39172634
6389,2,114.1389814,30.39172593
6390,2,114.1389805,30.39172552
6391,2,114.1389796,30.39172511
6392,2,114.1389787,30.39172469
6393,2,114.1389778,30.39172428
6394,2,114.1389769,30.39172387
6395,2,114.138976,30.39172345
6396,2,114.1389751,30.39172304
6397,2,114.1389742,30.39172262
6398,2,114.1389732,30.3917222
6399,2,114.1389723,30.39172178
6400,2,114.1389714,30.39172136
6401,2,114.1389705,30.39172094
6402,2,114.1389696,30.39172052
6403,2,114.1389687,30.39172009
6404,2,114.1389678,30.39171967
6405,2,114.1389669,30.39171924
6406,2,114.138966,30.39171882
6407,2,114.1389651,30.39171839
6408,2,114.1389642,30.39171796
6409,2,114.1389633,30.39171753
6410,2,114.1389624,30.3917171
6411,2,114.1389615,30.39171667
6412,2,114.1389606,30.39171624
6413,2,114.1389597,30.3917158
6414,2,114.1389588,30.39171537
6415,2,114.1389579,30.39171493
6416,2,114.138957,30.39171449
6417,2,114.1389561,30.39171406
6418,2,114.1389552,30.39171362
6419,2,114.1389543,30.39171318
6420,2,114.1389534,30.39171273
6421,2,114.1389525,30.39171229
6422,2,114.1389516,30.39171185
6423,2,114.1389507,30.3917114
6424,2,114.1389498,30.39171096
6425,2,114.1389489,30.39171051
6426,2,114.138948,30.39171007
6427,2,114.1389471,30.39170962
6428,2,114.1389462,30.39170917
6429,2,114.1389453,30.39170872
6430,2,114.1389444,30.39170827
6431,2,114.1389435,30.39170781
6432,2,114.1389427,30.39170736
6433,2,114.1389418,30.3917069
6434,2,114.1389409,30.39170645
6435,2,114.13894,30.39170599
6436,2,114.1389391,30.39170553
6437,2,114.1389382,30.39170508
6438,2,114.1389373,30.39170462
6439,2,114.1389364,30.39170416
6440,2,114.1389355,30.39170369
6441,2,114.1389347,30.39170323
6442,2,114.1389338,30.39170277
6443,2,114.1389329,30.3917023
6444,2,114.138932,30.39170184
6445,2,114.1389311,30.39170137
6446,2,114.1389302,30.3917009
6447,2,114.1389294,30.39170043
6448,2,114.1389285,30.39169996
6449,2,114.1389276,30.39169949
6450,2,114.1389267,30.39169902
6451,2,114.1389258,30.39169855
6452,2,114.1389249,30.39169807
6453,2,114.1389241,30.3916976
6454,2,114.1389232,30.39169712
6455,2,114.1389223,30.39169664
6456,2,114.1389214,30.39169616
6457,2,114.1389205,30.39169569
6458,2,114.1389197,30.39169521
6459,2,114.1389188,30.39169472
6460,2,114.1389179,30.39169424
6461,2,114.138917,30.39169376
6462,2,114.1389162,30.39169327
6463,2,114.1389153,30.39169279
6464,2,114.1389144,30.3916923
6465,2,114.1389135,30.39169182
6466,2,114.1389127,30.39169133
6467,2,114.1389118,30.39169084
6468,2,114.1389109,30.39169035
6469,2,114.1389101,30.39168986
6470,2,114.1389092,30.39168936
6471,2,114.1389083,30.39168887
6472,2,114.1389075,30.39168838
6473,2,114.1389066,30.39168788
6474,2,114.1389057,30.39168738
6475,2,114.1389048,30.39168689
6476,2,114.138904,30.39168639
6477,2,114.1389031,30.39168589
6478,2,114.1389022,30.39168539
6479,2,114.1389014,30.39168489
6480,2,114.1389005,30.39168438
6481,2,114.1388997,30.39168388
6482,2,114.1388988,30.39168338
6483,2,114.1388979,30.39168287
6484,2,114.1388971,30.39168237
6485,2,114.1388962,30.39168186
6486,2,114.1388953,30.39168135
6487,2,114.1388945,30.39168084
6488,2,114.1388936,30.39168033
6489,2,114.1388928,30.39167982
6490,2,114.1388919,30.39167931
6491,2,114.138891,30.39167879
6492,2,114.1388902,30.39167828
6493,2,114.1388893,30.39167776
6494,2,114.1388885,30.39167725
6495,2,114.1388876,30.39167673
6496,2,114.1388868,30.39167621
6497,2,114.1388859,30.39167569
6498,2,114.1388851,30.39167517
6499,2,114.1388843,30.39167452
6500,2,114.1388836,30.39167382
6501,2,114.1388829,30.39167313
6502,2,114.1388821,30.39167243
6503,2,114.1388814,30.39167174
6504,2,114.1388807,30.39167104
6505,2,114.13888,30.39167035
6506,2,114.1388793,30.39166965
6507,2,114.1388786,30.39166896
6508,2,114.1388778,30.39166826
6509,2,114.1388771,30.39166757
6510,2,114.1388764,30.39166687
6511,2,114.1388757,30.39166618
6512,2,114.138875,30.39166548
6513,2,114.1388742,30.39166479
6514,2,114.1388735,30.39166409
6515,2,114.1388728,30.3916634
6516,2,114.1388721,30.3916627
6517,2,114.1388714,30.39166201
6518,2,114.1388706,30.39166131
6519,2,114.1388699,30.39166061
6520,2,114.1388692,30.39165992
6521,2,114.1388685,30.39165922
6522,2,114.1388678,30.39165853
6523,2,114.1388671,30.39165783
6524,2,114.1388663,30.39165714
6525,2,114.1388656,30.39165644
6526,2,114.1388649,30.39165575
6527,2,114.1388642,30.39165505
6528,2,114.1388635,30.39165436
6529,2,114.1388627,30.39165366
6530,2,114.138862,30.39165297
6531,2,114.1388613,30.39165227
6532,2,114.1388606,30.39165158
6533,2,114.1388599,30.39165088
6534,2,114.1388591,30.39165019
6535,2,114.1388584,30.39164949
6536,2,114.1388577,30.3916488
6537,2,114.138857,30.3916481
6538,2,114.1388563,30.3916474
6539,2,114.1388556,30.39164671
6540,2,114.1388548,30.39164601
6541,2,114.1388541,30.39164532
6542,2,114.1388534,30.39164462
6543,2,114.1388527,30.39164393
6544,2,114.138852,30.39164323
6545,2,114.1388512,30.39164254
6546,2,114.1388505,30.39164184
6547,2,114.1388498,30.39164115
6548,2,114.1388491,30.39164045
6549,2,114.1388484,30.39163976
6550,2,114.1388476,30.39163906
6551,2,114.1388469,30.39163837
6552,2,114.1388462,30.39163767
6553,2,114.1388455,30.39163698
6554,2,114.1388448,30.39163628
6555,2,114.1388441,30.39163559
6556,2,114.1388433,30.39163489
6557,2,114.1388426,30.39163419
6558,2,114.1388419,30.3916335
6559,2,114.1388412,30.3916328
6560,2,114.1388405,30.39163211
6561,2,114.1388397,30.39163141
6562,2,114.138839,30.39163072
6563,2,114.1388383,30.39163002
6564,2,114.1388376,30.39162933
6565,2,114.1388369,30.39162863
6566,2,114.1388361,30.39162794
6567,2,114.1388354,30.39162724
6568,2,114.1388347,30.39162655
6569,2,114.138834,30.39162585
6570,2,114.1388333,30.39162516
6571,2,114.1388326,30.39162446
6572,2,114.1388318,30.39162377
6573,2,114.1388311,30.39162307
6574,2,114.1388304,30.39162238
6575,2,114.1388297,30.39162168
6576,2,114.138829,30.39162098
6577,2,114.1388282,30.39162029
6578,2,114.1388275,30.39161959
6579,2,114.1388268,30.3916189
6580,2,114.1388261,30.3916182
6581,2,114.1388254,30.39161751
6582,2,114.1388246,30.39161681
6583,2,114.1388239,30.39161612
6584,2,114.1388232,30.39161542
6585,2,114.1388225,30.39161473
6586,2,114.1388218,30.39161403
6587,2,114.1388211,30.39161334
6588,2,114.1388203,30.39161264
6589,2,114.1388196,30.39161195
6590,2,114.1388189,30.39161125
6591,2,114.1388182,30.39161056
6592,2,114.1388175,30.39160986
6593,2,114.1388167,30.39160917
6594,2,114.138816,30.39160847
6595,2,114.1388153,30.39160777
6596,2,114.1388146,30.39160708
6597,2,114.1388139,30.39160638
6598,2,114.1388131,30.39160569
6599,2,114.1388124,30.39160499
6600,2,114.1388117,30.3916043
6601,2,114.138811,30.3916036
6602,2,114.1388103,30.39160291
6603,2,114.1388096,30.39160221
6604,2,114.1388088,30.39160152
6605,2,114.1388081,30.39160082
6606,2,114.1388074,30.39160013
6607,2,114.1388067,30.39159943
6608,2,114.138806,30.39159874
6609,2,114.1388052,30.39159804
6610,2,114.1388045,30.39159735
6611,2,114.1388038,30.39159665
6612,2,114.1388031,30.39159596
6613,2,114.1388024,30.39159526
6614,2,114.1388016,30.39159456
6615,2,114.1388009,30.39159387
6616,2,114.1388002,30.39159317
6617,2,114.1387995,30.39159248
6618,2,114.1387988,30.39159178
6619,2,114.1387981,30.39159109
6620,2,114.1387973,30.39159039
6621,2,114.1387966,30.3915897
6622,2,114.1387959,30.391589
6623,2,114.1387952,30.39158831
6624,2,114.1387945,30.39158761
6625,2,114.1387937,30.39158692
6626,2,114.138793,30.39158622
6627,2,114.1387923,30.39158553
6628,2,114.1387916,30.39158483
6629,2,114.1387909,30.39158414
6630,2,114.1387901,30.39158344
6631,2,114.1387894,30.39158275
6632,2,114.1387887,30.39158205
6633,2,114.138788,30.39158135
6634,2,114.1387873,30.39158066
6635,2,114.1387866,30.39157996
6636,2,114.1387858,30.39157927
6637,2,114.1387851,30.39157857
6638,2,114.1387844,30.39157788
6639,2,114.1387837,30.39157718
6640,2,114.138783,30.39157649
6641,2,114.1387822,30.39157579
6642,2,114.1387815,30.3915751
6643,2,114.1387808,30.3915744
6644,2,114.1387801,30.39157371
6645,2,114.1387794,30.39157301
6646,2,114.1387786,30.39157232
6647,2,114.1387779,30.39157162
6648,2,114.1387772,30.39157093
6649,2,114.1387765,30.39157023
6650,2,114.1387758,30.39156954
6651,2,114.1387751,30.39156884
6652,2,114.1387743,30.39156814
6653,2,114.1387736,30.39156745
6654,2,114.1387729,30.39156675
6655,2,114.1387722,30.39156606
6656,2,114.1387715,30.39156536
6657,2,114.1387707,30.39156467
6658,2,114.13877,30.39156397
6659,2,114.1387693,30.39156328
6660,2,114.1387686,30.39156258
6661,2,114.1387679,30.39156189
6662,2,114.1387671,30.39156119
6663,2,114.1387664,30.3915605
6664,2,114.1387657,30.3915598
6665,2,114.138765,30.39155911
6666,2,114.1387643,30.39155841
6667,2,114.1387636,30.39155772
6668,2,114.1387628,30.39155702
6669,2,114.1387621,30.39155633
6670,2,114.1387614,30.39155563
6671,2,114.1387607,30.39155493
6672,2,114.13876,30.39155424
6673,2,114.1387592,30.39155354
6674,2,114.1387585,30.39155285
6675,2,114.1387578,30.39155215
6676,2,114.1387571,30.39155146
6677,2,114.1387564,30.39155076
6678,2,114.1387556,30.39155007
6679,2,114.1387549,30.39154937
6680,2,114.1387542,30.39154868
6681,2,114.1387535,30.39154798
6682,2,114.1387528,30.39154729
6683,2,114.1387521,30.39154659
6684,2,114.1387513,30.3915459
6685,2,114.1387506,30.3915452
6686,2,114.1387499,30.39154451
6687,2,114.1387492,30.39154381
6688,2,114.1387485,30.39154312
6689,2,114.1387477,30.39154242
6690,2,114.138747,30.39154172
6691,2,114.1387463,30.39154103
6692,2,114.1387456,30.39154033
6693,2,114.1387449,30.39153964
6694,2,114.1387441,30.39153894
6695,2,114.1387434,30.39153825
6696,2,114.1387427,30.39153755
6697,2,114.138742,30.39153686
6698,2,114.1387413,30.39153616
6699,2,114.1387406,30.39153547
6700,2,114.1387398,30.39153477
6701,2,114.1387391,30.39153408
6702,2,114.1387384,30.39153338
6703,2,114.1387377,30.39153269
6704,2,114.138737,30.39153199
6705,2,114.1387362,30.3915313
6706,2,114.1387355,30.3915306
6707,2,114.1387348,30.39152991
6708,2,114.1387341,30.39152921
6709,2,114.1387334,30.39152851
6710,2,114.1387326,30.39152782
6711,2,114.1387319,30.39152712
6712,2,114.1387312,30.39152643
6713,2,114.1387305,30.39152573
6714,2,114.1387298,30.39152504
6715,2,114.1387291,30.39152434
6716,2,114.1387283,30.39152365
6717,2,114.1387276,30.39152295
6718,2,114.1387269,30.39152226
6719,2,114.1387262,30.39152156
6720,2,114.1387255,30.39152087
6721,2,114.1387247,30.39152017
6722,2,114.138724,30.39151948
6723,2,114.1387233,30.39151878
6724,2,114.1387226,30.39151809
6725,2,114.1387219,30.39151739
6726,2,114.1387211,30.3915167
6727,2,114.1387204,30.391516
6728,2,114.1387197,30.3915153
6729,2,114.138719,30.39151461
6730,2,114.1387183,30.39151391
6731,2,114.1387176,30.39151322
6732,2,114.1387168,30.39151252
6733,2,114.1387161,30.39151183
6734,2,114.1387154,30.39151113
6735,2,114.1387147,30.39151044
6736,2,114.138714,30.39150974
6737,2,114.1387132,30.39150905
6738,2,114.1387125,30.39150835
6739,2,114.1387118,30.39150766
6740,2,114.1387111,30.39150696
6741,2,114.1387104,30.39150627
6742,2,114.1387096,30.39150557
6743,2,114.1387089,30.39150488
6744,2,114.1387082,30.39150418
6745,2,114.1387075,30.39150349
6746,2,114.1387068,30.39150279
6747,2,114.1387061,30.39150209
6748,2,114.1387053,30.3915014
6749,2,114.1387046,30.3915007
6750,2,114.1387039,30.39150001
6751,2,114.1387032,30.39149931
6752,2,114.1387025,30.39149862
6753,2,114.1387017,30.39149792
6754,2,114.138701,30.39149723
6755,2,114.1387003,30.39149653
6756,2,114.1386996,30.39149584
6757,2,114.1386989,30.39149514
6758,2,114.1386981,30.39149445
6759,2,114.1386974,30.39149375
6760,2,114.1386967,30.39149306
6761,2,114.138696,30.39149236
6762,2,114.1386953,30.39149167
6763,2,114.1386946,30.39149097
6764,2,114.1386938,30.39149028
6765,2,114.1386931,30.39148958
6766,2,114.1386924,30.39148889
6767,2,114.1386917,30.39148819
6768,2,114.138691,30.39148749
6769,2,114.1386902,30.3914868
6770,2,114.1386895,30.3914861
6771,2,114.1386888,30.39148541
6772,2,114.1386881,30.39148471
6773,2,114.1386874,30.39148402
6774,2,114.1386866,30.39148332
6775,2,114.1386859,30.39148263
6776,2,114.1386852,30.39148193
6777,2,114.1386845,30.39148124
6778,2,114.1386838,30.39148054
6779,2,114.1386831,30.39147985
6780,2,114.1386823,30.39147915
6781,2,114.1386816,30.39147846
6782,2,114.1386809,30.39147776
6783,2,114.1386802,30.39147707
6784,2,114.1386795,30.39147637
6785,2,114.1386787,30.39147568
6786,2,114.138678,30.39147498
6787,2,114.1386773,30.39147428
6788,2,114.1386766,30.39147359
6789,2,114.1386759,30.39147289
6790,2,114.1386751,30.3914722
6791,2,114.1386744,30.3914715
6792,2,114.1386737,30.39147081
6793,2,114.138673,30.39147011
6794,2,114.1386723,30.39146942
6795,2,114.1386716,30.39146872
6796,2,114.1386708,30.39146803
6797,2,114.1386701,30.39146733
6798,2,114.1386694,30.39146664
6799,2,114.1386687,30.39146594
6800,2,114.138668,30.39146525
6801,2,114.1386672,30.39146455
6802,2,114.1386665,30.39146386
6803,2,114.1386658,30.39146316
6804,2,114.1386651,30.39146247
6805,2,114.1386644,30.39146177
6806,2,114.1386636,30.39146107
6807,2,114.1386629,30.39146038
6808,2,114.1386622,30.39145968
6809,2,114.1386615,30.39145905
6810,2,114.1386605,30.39145881
6811,2,114.1386595,30.39145857
6812,2,114.1386585,30.39145832
6813,2,114.1386576,30.39145807
6814,2,114.1386566,30.39145781
6815,2,114.1386556,30.39145755
6816,2,114.1386547,30.39145729
6817,2,114.1386537,30.39145702
6818,2,114.1386528,30.39145675
6819,2,114.1386518,30.39145647
6820,2,114.1386508,30.39145619
6821,2,114.1386499,30.39145591
6822,2,114.1386489,30.39145562
6823,2,114.138648,30.39145533
6824,2,114.138647,30.39145504
6825,2,114.138646,30.39145474
6826,2,114.1386451,30.39145444
6827,2,114.1386441,30.39145413
6828,2,114.1386432,30.39145382
6829,2,114.1386422,30.39145351
6830,2,114.1386413,30.39145319
6831,2,114.1386403,30.39145287
6832,2,114.1386394,30.39145255
6833,2,114.1386385,30.39145222
6834,2,114.1386375,30.39145189
6835,2,114.1386366,30.39145155
6836,2,114.1386356,30.39145121
6837,2,114.1386347,30.39145087
6838,2,114.1386338,30.39145052
6839,2,114.1386328,30.39145017
6840,2,114.1386319,30.39144981
6841,2,114.1386309,30.39144946
6842,2,114.13863,30.39144909
6843,2,114.1386291,30.39144873
6844,2,114.1386282,30.39144836
6845,2,114.1386272,30.39144798
6846,2,114.1386263,30.39144761
6847,2,114.1386254,30.39144723
6848,2,114.1386245,30.39144684
6849,2,114.1386235,30.39144645
6850,2,114.1386226,30.39144606
6851,2,114.1386217,30.39144567
6852,2,114.1386208,30.39144527
6853,2,114.1386199,30.39144487
6854,2,114.1386189,30.39144446
6855,2,114.138618,30.39144405
6856,2,114.1386171,30.39144364
6857,2,114.1386162,30.39144322
6858,2,114.1386153,30.3914428
6859,2,114.1386144,30.39144237
6860,2,114.1386135,30.39144194
6861,2,114.1386126,30.39144151
6862,2,114.1386117,30.39144108
6863,2,114.1386108,30.39144064
6864,2,114.1386099,30.3914402
6865,2,114.138609,30.39143975
6866,2,114.1386081,30.3914393
6867,2,114.1386072,30.39143885
6868,2,114.1386063,30.39143839
6869,2,114.1386054,30.39143793
6870,2,114.1386046,30.39143747
6871,2,114.1386037,30.391437
6872,2,114.1386028,30.39143653
6873,2,114.1386019,30.39143605
6874,2,114.138601,30.39143558
6875,2,114.1386002,30.3914351
6876,2,114.1385993,30.39143461
6877,2,114.1385984,30.39143412
6878,2,114.1385975,30.39143363
6879,2,114.1385967,30.39143314
6880,2,114.1385958,30.39143264
6881,2,114.1385949,30.39143213
6882,2,114.1385941,30.39143163
6883,2,114.1385932,30.39143112
6884,2,114.1385924,30.39143061
6885,2,114.1385915,30.39143009
6886,2,114.1385906,30.39142957
6887,2,114.1385898,30.39142905
6888,2,114.1385889,30.39142852
6889,2,114.1385881,30.39142799
6890,2,114.1385872,30.39142746
6891,2,114.1385864,30.39142693
6892,2,114.1385856,30.39142639
6893,2,114.1385847,30.39142584
6894,2,114.1385839,30.3914253
6895,2,114.138583,30.39142475
6896,2,114.1385822,30.39142419
6897,2,114.1385814,30.39142364
6898,2,114.1385806,30.39142308
6899,2,114.1385797,30.39142252
6900,2,114.1385789,30.39142195
6901,2,114.1385781,30.39142138
6902,2,114.1385773,30.39142081
6903,2,114.1385764,30.39142023
6904,2,114.1385756,30.39141965
6905,2,114.1385748,30.39141907
6906,2,114.138574,30.39141849
6907,2,114.1385732,30.3914179
6908,2,114.1385724,30.3914173
6909,2,114.1385716,30.39141671
6910,2,114.1385708,30.39141611
6911,2,114.13857,30.39141551
6912,2,114.1385692,30.3914149
6913,2,114.1385684,30.3914143
6914,2,114.1385676,30.39141368
6915,2,114.1385668,30.39141307
6916,2,114.138566,30.39141245
6917,2,114.1385652,30.39141183
6918,2,114.1385645,30.39141121
6919,2,114.1385637,30.39141058
6920,2,114.1385629,30.39140995
6921,2,114.1385621,30.39140932
6922,2,114.1385614,30.39140868
6923,2,114.1385606,30.39140804
6924,2,114.1385598,30.3914074
6925,2,114.1385591,30.39140676
6926,2,114.1385583,30.39140611
6927,2,114.1385575,30.39140546
6928,2,114.1385568,30.3914048
6929,2,114.138556,30.39140414
6930,2,114.1385553,30.39140348
6931,2,114.1385545,30.39140282
6932,2,114.1385538,30.39140215
6933,2,114.138553,30.39140149
6934,2,114.1385523,30.39140081
6935,2,114.1385516,30.39140014
6936,2,114.1385508,30.39139946
6937,2,114.1385501,30.39139878
6938,2,114.1385494,30.39139809
6939,2,114.1385486,30.39139741
6940,2,114.1385479,30.39139672
6941,2,114.1385472,30.39139603
6942,2,114.1385465,30.39139533
6943,2,114.1385458,30.39139463
6944,2,114.1385451,30.39139393
6945,2,114.1385443,30.39139323
6946,2,114.1385436,30.39139253
6947,2,114.1385429,30.39139183
6948,2,114.1385422,30.39139113
6949,2,114.1385415,30.39139044
6950,2,114.1385408,30.39138974
6951,2,114.13854,30.39138904
6952,2,114.1385393,30.39138835
6953,2,114.1385386,30.39138765
6954,2,114.1385379,30.39138696
6955,2,114.1385372,30.39138626
6956,2,114.1385365,30.39138556
6957,2,114.1385357,30.39138487
6958,2,114.138535,30.39138417
6959,2,114.1385343,30.39138347
6960,2,114.1385336,30.39138278
6961,2,114.1385329,30.39138208
6962,2,114.1385321,30.39138138
6963,2,114.1385314,30.39138069
6964,2,114.1385307,30.39137999
6965,2,114.13853,30.39137929
6966,2,114.1385293,30.3913786
6967,2,114.1385286,30.3913779
6968,2,114.1385278,30.3913772
6969,2,114.1385271,30.39137651
6970,2,114.1385264,30.39137581
6971,2,114.1385257,30.39137512
6972,2,114.138525,30.39137442
6973,2,114.1385243,30.39137372
6974,2,114.1385235,30.39137303
6975,2,114.1385228,30.39137233
6976,2,114.1385221,30.39137163
6977,2,114.1385214,30.39137094
6978,2,114.1385207,30.39137024
6979,2,114.1385199,30.39136954
6980,2,114.1385192,30.39136885
6981,2,114.1385185,30.39136815
6982,2,114.1385178,30.39136745
6983,2,114.1385171,30.39136676
6984,2,114.1385164,30.39136606
6985,2,114.1385156,30.39136536
6986,2,114.1385149,30.39136467
6987,2,114.1385142,30.39136397
6988,2,114.1385135,30.39136328
6989,2,114.1385128,30.39136258
6990,2,114.1385121,30.39136188
6991,2,114.1385113,30.39136119
6992,2,114.1385106,30.39136049
6993,2,114.1385099,30.39135979
6994,2,114.1385092,30.3913591
6995,2,114.1385085,30.3913584
6996,2,114.1385077,30.3913577
6997,2,114.138507,30.39135701
6998,2,114.1385063,30.39135631
6999,2,114.1385056,30.39135561
7000,2,114.1385049,30.39135492
7001,2,114.1385042,30.39135422
7002,2,114.1385034,30.39135352
7003,2,114.1385027,30.39135283
7004,2,114.138502,30.39135213
7005,2,114.1385013,30.39135144
7006,2,114.1385006,30.39135074
7007,2,114.1384999,30.39135004
7008,2,114.1384991,30.39134935
7009,2,114.1384984,30.39134865
7010,2,114.1384977,30.39134795
7011,2,114.138497,30.39134726
7012,2,114.1384963,30.39134656
7013,2,114.1384955,30.39134586
7014,2,114.1384948,30.39134517
7015,2,114.1384941,30.39134447
7016,2,114.1384934,30.39134377
7017,2,114.1384927,30.39134308
7018,2,114.138492,30.39134238
7019,2,114.1384912,30.39134169
7020,2,114.1384905,30.39134099
7021,2,114.1384898,30.39134029
7022,2,114.1384891,30.3913396
7023,2,114.1384884,30.3913389
7024,2,114.1384877,30.3913382
7025,2,114.1384869,30.39133751
7026,2,114.1384862,30.39133681
7027,2,114.1384855,30.39133611
7028,2,114.1384848,30.39133542
7029,2,114.1384841,30.39133472
7030,2,114.1384834,30.39133402
7031,2,114.1384826,30.39133333
7032,2,114.1384819,30.39133263
7033,2,114.1384812,30.39133193
7034,2,114.1384805,30.39133124
7035,2,114.1384798,30.39133054
7036,2,114.138479,30.39132985
7037,2,114.1384783,30.39132915
7038,2,114.1384776,30.39132845
7039,2,114.1384769,30.39132776
7040,2,114.1384762,30.39132706
7041,2,114.1384755,30.39132636
7042,2,114.1384747,30.39132567
7043,2,114.138474,30.39132497
7044,2,114.1384733,30.39132427
7045,2,114.1384726,30.39132358
7046,2,114.1384719,30.39132288
7047,2,114.1384712,30.39132218
7048,2,114.1384704,30.39132149
7049,2,114.1384697,30.39132079
7050,2,114.138469,30.39132009
7051,2,114.1384683,30.3913194
7052,2,114.1384676,30.3913187
7053,2,114.1384668,30.39131801
7054,2,114.1384661,30.39131731
7055,2,114.1384654,30.39131661
7056,2,114.1384647,30.39131592
7057,2,114.138464,30.39131522
7058,2,114.1384633,30.39131452
7059,2,114.1384625,30.39131383
7060,2,114.1384618,30.39131313
7061,2,114.1384611,30.39131243
7062,2,114.1384604,30.39131174
7063,2,114.1384597,30.39131104
7064,2,114.138459,30.39131034
7065,2,114.1384582,30.39130965
7066,2,114.1384575,30.39130895
7067,2,114.1384568,30.39130825
7068,2,114.1384561,30.39130756
7069,2,114.1384554,30.39130686
7070,2,114.1384546,30.39130617
7071,2,114.1384539,30.39130547
7072,2,114.1384532,30.39130477
7073,2,114.1384525,30.39130408
7074,2,114.1384518,30.39130338
7075,2,114.1384511,30.39130268
7076,2,114.1384503,30.39130199
7077,2,114.1384496,30.39130129
7078,2,114.1384489,30.39130059
7079,2,114.1384482,30.3912999
7080,2,114.1384475,30.3912992
7081,2,114.1384468,30.3912985
7082,2,114.138446,30.39129781
7083,2,114.1384453,30.39129711
7084,2,114.1384446,30.39129641
7085,2,114.1384439,30.39129572
7086,2,114.1384432,30.39129502
7087,2,114.1384424,30.39129433
7088,2,114.1384417,30.39129363
7089,2,114.138441,30.39129293
7090,2,114.1384403,30.39129224
7091,2,114.1384396,30.39129154
7092,2,114.1384389,30.39129084
7093,2,114.1384381,30.39129015
7094,2,114.1384374,30.39128945
7095,2,114.1384367,30.39128875
7096,2,114.138436,30.39128806
7097,2,114.1384353,30.39128736
7098,2,114.1384346,30.39128666
7099,2,114.1384338,30.39128597
7100,2,114.1384331,30.39128527
7101,2,114.1384324,30.39128458
7102,2,114.1384317,30.39128388
7103,2,114.138431,30.39128318
7104,2,114.1384302,30.39128249
7105,2,114.1384295,30.39128179
7106,2,114.1384288,30.39128109
7107,2,114.1384281,30.3912804
7108,2,114.1384274,30.3912797
7109,2,114.1384267,30.391279
7110,2,114.1384259,30.39127831
7111,2,114.1384252,30.39127761
7112,2,114.1384245,30.39127691
7113,2,114.1384238,30.39127622
7114,2,114.1384231,30.39127552
7115,2,114.1384224,30.39127482
7116,2,114.1384216,30.39127413
7117,2,114.1384209,30.39127343
7118,2,114.1384202,30.39127274
7119,2,114.1384195,30.39127204
7120,2,114.1384188,30.39127134
7121,2,114.138418,30.39127065
7122,2,114.1384173,30.39126995
7123,2,114.1384166,30.39126925
7124,2,114.1384159,30.39126856
7125,2,114.1384152,30.39126786
7126,2,114.1384145,30.39126716
7127,2,114.1384137,30.39126647
7128,2,114.138413,30.39126577
7129,2,114.1384123,30.39126507
7130,2,114.1384116,30.39126438
7131,2,114.1384109,30.39126368
7132,2,114.1384102,30.39126298
7133,2,114.1384094,30.39126229
7134,2,114.1384087,30.39126159
7135,2,114.138408,30.3912609
7136,2,114.1384073,30.3912602
7137,2,114.1384066,30.3912595
7138,2,114.1384059,30.39125881
7139,2,114.1384051,30.39125811
7140,2,114.1384044,30.39125741
7141,2,114.1384037,30.39125672
7142,2,114.138403,30.39125602
7143,2,114.1384023,30.39125532
7144,2,114.1384015,30.39125463
7145,2,114.1384008,30.39125393
7146,2,114.1384001,30.39125323
7147,2,114.1383994,30.39125254
7148,2,114.1383987,30.39125184
7149,2,114.138398,30.39125114
7150,2,114.1383972,30.39125045
7151,2,114.1383965,30.39124975
7152,2,114.1383958,30.39124906
7153,2,114.1383951,30.39124836
7154,2,114.1383944,30.39124766
7155,2,114.1383937,30.39124697
7156,2,114.1383929,30.39124627
7157,2,114.1383922,30.39124557
7158,2,114.1383915,30.39124488
7159,2,114.1383908,30.39124418
7160,2,114.1383901,30.39124348
7161,2,114.1383893,30.39124279
7162,2,114.1383886,30.39124209
7163,2,114.1383879,30.39124139
7164,2,114.1383872,30.3912407
7165,2,114.1383865,30.39124
7166,2,114.1383858,30.39123931
7167,2,114.138385,30.39123861
7168,2,114.1383843,30.39123791
7169,2,114.1383836,30.39123722
7170,2,114.1383829,30.39123652
7171,2,114.1383822,30.39123582
7172,2,114.1383815,30.39123513
7173,2,114.1383807,30.39123443
7174,2,114.13838,30.39123373
7175,2,114.1383793,30.39123304
7176,2,114.1383786,30.39123234
7177,2,114.1383779,30.39123164
7178,2,114.1383771,30.39123095
7179,2,114.1383764,30.39123025
7180,2,114.1383757,30.39122955
7181,2,114.138375,30.39122886
7182,2,114.1383743,30.39122816
7183,2,114.1383736,30.39122747
7184,2,114.1383728,30.39122677
7185,2,114.1383721,30.39122607
7186,2,114.1383714,30.39122538
7187,2,114.1383707,30.39122468
7188,2,114.13837,30.39122398
7189,2,114.1383693,30.39122329
7190,2,114.1383685,30.39122259
7191,2,114.1383678,30.39122189
7192,2,114.1383671,30.3912212
7193,2,114.1383664,30.3912205
7194,2,114.1383657,30.3912198
7195,2,114.1383649,30.39121911
7196,2,114.1383642,30.39121841
7197,2,114.1383635,30.39121771
7198,2,114.1383628,30.39121702
7199,2,114.1383621,30.39121632
7200,2,114.1383614,30.39121563
7201,2,114.1383606,30.39121493
7202,2,114.1383599,30.39121423
7203,2,114.1383592,30.39121354
7204,2,114.1383585,30.39121284
7205,2,114.1383578,30.39121214
7206,2,114.1383571,30.39121145
7207,2,114.1383563,30.39121075
7208,2,114.1383556,30.39121005
7209,2,114.1383549,30.39120936
7210,2,114.1383542,30.39120866
7211,2,114.1383535,30.39120796
7212,2,114.1383527,30.39120727
7213,2,114.138352,30.39120657
7214,2,114.1383513,30.39120587
7215,2,114.1383506,30.39120518
7216,2,114.1383499,30.39120448
7217,2,114.1383492,30.39120379
7218,2,114.1383484,30.39120309
7219,2,114.1383477,30.39120239
7220,2,114.138347,30.3912017
7221,2,114.1383463,30.391201
7222,2,114.1383456,30.3912003
7223,2,114.1383449,30.39119961
7224,2,114.1383441,30.39119891
7225,2,114.1383434,30.39119821
7226,2,114.1383427,30.39119752
7227,2,114.138342,30.39119682
7228,2,114.1383413,30.39119612
7229,2,114.1383405,30.39119543
7230,2,114.1383398,30.39119473
7231,2,114.1383391,30.39119403
7232,2,114.1383384,30.39119334
7233,2,114.1383377,30.39119264
7234,2,114.138337,30.39119195
7235,2,114.1383362,30.39119125
7236,2,114.1383355,30.39119055
7237,2,114.1383348,30.39118986
7238,2,114.1383341,30.39118916
7239,2,114.1383334,30.39118846
7240,2,114.1383327,30.39118777
7241,2,114.1383319,30.39118707
7242,2,114.1383312,30.39118637
7243,2,114.1383305,30.39118568
7244,2,114.1383298,30.39118498
7245,2,114.1383291,30.39118428
7246,2,114.1383284,30.39118359
7247,2,114.1383276,30.39118289
7248,2,114.1383269,30.3911822
7249,2,114.1383262,30.3911815
7250,2,114.1383255,30.3911808
7251,2,114.1383248,30.39118011
7252,2,114.138324,30.39117941
7253,2,114.1383233,30.39117871
7254,2,114.1383226,30.39117802
7255,2,114.1383219,30.39117732
7256,2,114.1383212,30.39117662
7257,2,114.1383205,30.39117593
7258,2,114.1383197,30.39117523
7259,2,114.138319,30.39117453
7260,2,114.1383183,30.39117384
7261,2,114.1383176,30.39117314
7262,2,114.1383169,30.39117244
7263,2,114.1383162,30.39117175
7264,2,114.1383154,30.39117105
7265,2,114.1383147,30.39117036
7266,2,114.138314,30.39116966
7267,2,114.1383133,30.39116896
7268,2,114.1383126,30.39116827
7269,2,114.1383118,30.39116757
7270,2,114.1383111,30.39116687
7271,2,114.1383104,30.39116618
7272,2,114.1383097,30.39116548
7273,2,114.138309,30.39116478
7274,2,114.1383083,30.39116409
7275,2,114.1383075,30.39116339
7276,2,114.1383068,30.39116269
7277,2,114.1383061,30.391162
7278,2,114.1383054,30.3911613
7279,2,114.1383047,30.3911606
7280,2,114.138304,30.39115991
7281,2,114.1383032,30.39115921
7282,2,114.1383025,30.39115852
7283,2,114.1383018,30.39115782
7284,2,114.1383011,30.39115712
7285,2,114.1383004,30.39115643
7286,2,114.1382996,30.39115573
7287,2,114.1382989,30.39115503
7288,2,114.1382982,30.39115434
7289,2,114.1382975,30.39115364
7290,2,114.1382968,30.39115294
7291,2,114.1382961,30.39115225
7292,2,114.1382953,30.39115155
7293,2,114.1382946,30.39115085
7294,2,114.1382939,30.39115016
7295,2,114.1382932,30.39114946
7296,2,114.1382925,30.39114876
7297,2,114.1382918,30.39114807
7298,2,114.138291,30.39114737
7299,2,114.1382903,30.39114668
7300,2,114.1382896,30.39114598
7301,2,114.1382889,30.39114528
7302,2,114.1382882,30.39114459
7303,2,114.1382874,30.39114389
7304,2,114.1382867,30.39114319
7305,2,114.138286,30.3911425
7306,2,114.1382853,30.3911418
7307,2,114.1382846,30.3911411
7308,2,114.1382839,30.39114041
7309,2,114.1382831,30.39113971
7310,2,114.1382824,30.39113901
7311,2,114.1382817,30.39113832
7312,2,114.138281,30.39113762
7313,2,114.1382803,30.39113693
7314,2,114.1382796,30.39113623
7315,2,114.1382788,30.39113553
7316,2,114.1382781,30.39113484
7317,2,114.1382774,30.39113414
7318,2,114.1382767,30.39113344
7319,2,114.138276,30.39113275
7320,2,114.1382752,30.39113205
7321,2,114.1382745,30.39113135
7322,2,114.1382738,30.39113066
7323,2,114.1382731,30.39112996
7324,2,114.1382724,30.39112926
7325,2,114.1382717,30.39112857
7326,2,114.1382709,30.39112787
7327,2,114.1382702,30.39112717
7328,2,114.1382695,30.39112648
7329,2,114.1382688,30.39112578
7330,2,114.1382681,30.39112509
7331,2,114.1382674,30.39112439
7332,2,114.1382666,30.39112369
7333,2,114.1382659,30.391123
7334,2,114.1382652,30.3911223
7335,2,114.1382645,30.3911216
7336,2,114.1382638,30.39112091
7337,2,114.138263,30.39112021
7338,2,114.1382623,30.39111951
7339,2,114.1382616,30.39111882
7340,2,114.1382609,30.39111812
7341,2,114.1382602,30.39111742
7342,2,114.1382595,30.39111673
7343,2,114.1382587,30.39111603
7344,2,114.138258,30.39111533
7345,2,114.1382573,30.39111464
7346,2,114.1382566,30.39111394
7347,2,114.1382559,30.39111325
7348,2,114.1382552,30.39111255
7349,2,114.1382544,30.39111185
7350,2,114.1382537,30.39111116
7351,2,114.138253,30.39111046
7352,2,114.1382523,30.39110976
7353,2,114.1382516,30.39110907
7354,2,114.1382509,30.39110837
7355,2,114.1382501,30.39110767
7356,2,114.1382494,30.39110698
7357,2,114.1382487,30.39110628
7358,2,114.138248,30.39110558
7359,2,114.1382473,30.39110489
7360,2,114.1382465,30.39110419
7361,2,114.1382458,30.39110349
7362,2,114.1382451,30.3911028
7363,2,114.1382444,30.3911021
7364,2,114.1382437,30.39110141
7365,2,114.138243,30.39110071
7366,2,114.1382422,30.39110001
7367,2,114.1382415,30.39109932
7368,2,114.1382408,30.39109862
7369,2,114.1382401,30.39109792
7370,2,114.1382394,30.39109723
7371,2,114.1382387,30.39109653
7372,2,114.1382379,30.39109583
7373,2,114.1382372,30.39109514
7374,2,114.1382365,30.39109444
7375,2,114.1382358,30.39109374
7376,2,114.1382351,30.39109305
7377,2,114.1382343,30.39109235
7378,2,114.1382336,30.39109165
7379,2,114.1382329,30.39109096
7380,2,114.1382322,30.39109026
7381,2,114.1382315,30.39108957
7382,2,114.1382308,30.39108887
7383,2,114.13823,30.39108817
7384,2,114.1382293,30.39108748
7385,2,114.1382286,30.39108678
7386,2,114.1382279,30.39108608
7387,2,114.1382272,30.39108539
7388,2,114.1382265,30.39108469
7389,2,114.1382257,30.39108399
7390,2,114.138225,30.3910833
7391,2,114.1382243,30.3910826
7392,2,114.1382236,30.3910819
7393,2,114.1382229,30.39108121
7394,2,114.1382221,30.39108051
7395,2,114.1382214,30.39107982
7396,2,114.1382207,30.39107912
7397,2,114.13822,30.39107842
7398,2,114.1382193,30.39107773
7399,2,114.1382186,30.39107703
7400,2,114.1382178,30.39107633
7401,2,114.1382171,30.39107564
7402,2,114.1382164,30.39107494
7403,2,114.1382157,30.39107424
7404,2,114.138215,30.39107355
7405,2,114.1382143,30.39107285
7406,2,114.1382135,30.39107215
7407,2,114.1382128,30.39107146
7408,2,114.1382121,30.39107076
7409,2,114.1382114,30.39107006
7410,2,114.1382107,30.39106937
7411,2,114.1382099,30.39106867
7412,2,114.1382092,30.39106798
7413,2,114.1382085,30.39106728
7414,2,114.1382078,30.39106658
7415,2,114.1382071,30.39106589
7416,2,114.1382064,30.39106519
7417,2,114.1382056,30.39106449
7418,2,114.1382049,30.3910638
7419,2,114.1382042,30.3910631
7420,2,114.1382035,30.3910624
7421,2,114.1382028,30.39106171
7422,2,114.1382021,30.39106101
7423,2,114.1382013,30.39106031
7424,2,114.1382006,30.39105962
7425,2,114.1381999,30.39105892
7426,2,114.1381992,30.39105822
7427,2,114.1381985,30.39105753
7428,2,114.1381977,30.39105683
7429,2,114.138197,30.39105614
7430,2,114.1381963,30.39105544
7431,2,114.1381956,30.39105474
7432,2,114.1381949,30.39105405
7433,2,114.1381942,30.39105335
7434,2,114.1381934,30.39105265
7435,2,114.1381927,30.39105196
7436,2,114.138192,30.39105126
7437,2,114.1381913,30.39105056
7438,2,114.1381906,30.39104987
7439,2,114.1381899,30.39104917
7440,2,114.1381891,30.39104847
7441,2,114.1381884,30.39104778
7442,2,114.1381877,30.39104708
7443,2,114.138187,30.39104638
7444,2,114.1381863,30.39104569
7445,2,114.1381855,30.39104499
7446,2,114.1381848,30.3910443
7447,2,114.1381841,30.3910436
7448,2,114.1381834,30.3910429
7449,2,114.1381827,30.39104221
7450,2,114.138182,30.39104151
7451,2,114.1381812,30.39104081
7452,2,114.1381805,30.39104012
7453,2,114.1381798,30.39103942
7454,2,114.1381791,30.39103872
7455,2,114.1381784,30.39103803
7456,2,114.1381777,30.39103733
7457,2,114.1381769,30.39103663
7458,2,114.1381762,30.39103594
7459,2,114.1381755,30.39103524
7460,2,114.1381748,30.39103454
7461,2,114.1381741,30.39103385
7462,2,114.1381734,30.39103315
7463,2,114.1381726,30.39103246
7464,2,114.1381719,30.39103176
7465,2,114.1381712,30.39103106
7466,2,114.1381705,30.39103037
7467,2,114.1381698,30.39102967
7468,2,114.138169,30.39102897
7469,2,114.1381683,30.39102828
7470,2,114.1381676,30.39102758
7471,2,114.1381669,30.39102688
7472,2,114.1381662,30.39102619
7473,2,114.1381655,30.39102549
7474,2,114.1381647,30.39102479
7475,2,114.138164,30.3910241
7476,2,114.1381633,30.3910234
7477,2,114.1381626,30.39102271
7478,2,114.1381619,30.39102201
7479,2,114.1381612,30.39102131
7480,2,114.1381604,30.39102062
7481,2,114.1381597,30.39101992
7482,2,114.138159,30.39101922
7483,2,114.1381583,30.39101853
7484,2,114.1381576,30.39101783
7485,2,114.1381568,30.39101713
7486,2,114.1381561,30.39101644
7487,2,114.1381554,30.39101574
7488,2,114.1381547,30.39101504
7489,2,114.138154,30.39101435
7490,2,114.1381533,30.39101365
7491,2,114.1381525,30.39101295
7492,2,114.1381518,30.39101226
7493,2,114.1381511,30.39101156
